{"cameraMode":{"drawMode":0,"name":"Shaded","section":"Shading Mode"},"sceneLighting":true,"audioPlay":false,"sceneViewState":{"m_AlwaysRefresh":false,"showFog":true,"showSkybox":true,"showFlares":true,"showImageEffects":true,"showParticleSystems":true,"showVisualEffectGraphs":true,"m_FxEnabled":true},"in2DMode":false,"pivot":{"x":0.8080154657363892,"y":1.8796110153198243,"z":-0.3617892563343048},"rotation":{"x":0.07760444283485413,"y":-0.41580110788345339,"z":0.03563789278268814,"w":0.9054374098777771},"size":1.3190966844558716,"orthographic":false}